-- MySQL dump 10.13  Distrib 8.0.40, for macos14 (arm64)
--
-- Host: localhost    Database: ewms
-- ------------------------------------------------------
-- Server version	8.0.40

use ewms;

/*!40101 SET @OLD_CHARACTER_SET_CLIENT=@@CHARACTER_SET_CLIENT */;
/*!40101 SET @OLD_CHARACTER_SET_RESULTS=@@CHARACTER_SET_RESULTS */;
/*!40101 SET @OLD_COLLATION_CONNECTION=@@COLLATION_CONNECTION */;
/*!50503 SET NAMES utf8 */;
/*!40103 SET @OLD_TIME_ZONE=@@TIME_ZONE */;
/*!40103 SET TIME_ZONE='+00:00' */;
/*!40014 SET @OLD_UNIQUE_CHECKS=@@UNIQUE_CHECKS, UNIQUE_CHECKS=0 */;
/*!40014 SET @OLD_FOREIGN_KEY_CHECKS=@@FOREIGN_KEY_CHECKS, FOREIGN_KEY_CHECKS=0 */;
/*!40101 SET @OLD_SQL_MODE=@@SQL_MODE, SQL_MODE='NO_AUTO_VALUE_ON_ZERO' */;
/*!40111 SET @OLD_SQL_NOTES=@@SQL_NOTES, SQL_NOTES=0 */;

--
-- Table structure for table `board`
--

DROP TABLE IF EXISTS `board`;
/*!40101 SET @saved_cs_client     = @@character_set_client */;
/*!50503 SET character_set_client = utf8mb4 */;
CREATE TABLE `board` (
  `board_id` int NOT NULL AUTO_INCREMENT,
  `title` varchar(20) CHARACTER SET utf8mb4 COLLATE utf8mb4_bin DEFAULT NULL,
  `content` varchar(100) CHARACTER SET utf8mb4 COLLATE utf8mb4_bin DEFAULT NULL,
  `view_count` int DEFAULT NULL,
  `board_type` varchar(10) CHARACTER SET utf8mb4 COLLATE utf8mb4_bin DEFAULT NULL,
  `board_date` datetime DEFAULT CURRENT_TIMESTAMP,
  `member_no` int NOT NULL,
  PRIMARY KEY (`board_id`),
  KEY `member_no` (`member_no`),
  CONSTRAINT `board_ibfk_1` FOREIGN KEY (`member_no`) REFERENCES `member` (`member_no`)
) ENGINE=InnoDB AUTO_INCREMENT=41 DEFAULT CHARSET=utf8mb4 COLLATE=utf8mb4_bin;
/*!40101 SET character_set_client = @saved_cs_client */;

--
-- Dumping data for table `board`
--

LOCK TABLES `board` WRITE;
/*!40000 ALTER TABLE `board` DISABLE KEYS */;
INSERT INTO `board` VALUES (21,'공지사항 1','이마트 강남점 오픈을 축하합니다.',100,'notice','2024-01-05 09:00:00',49),(22,'공지사항 2','재고 정리 세일 안내.',150,'notice','2024-02-10 10:30:00',49),(23,'공지사항 3','신선식품 특별 할인 이벤트',120,'notice','2024-03-15 11:45:00',49),(24,'공지사항 4','여름 맞이 시원한 음료 기획전',180,'notice','2024-04-20 13:15:00',49),(25,'공지사항 5','추석 명절 선물세트 예약 안내',200,'notice','2024-05-25 14:30:00',49),(26,'공지사항 6','이마트 멤버십 포인트 두배 적립 행사',130,'notice','2024-06-30 16:00:00',50),(27,'공지사항 7','친환경 제품 특별전 개최',160,'notice','2024-07-05 10:45:00',51),(28,'공지사항 8','가을 신상품 입고 안내',140,'notice','2024-08-12 12:20:00',52),(29,'공지사항 9','연말 고객 감사 대축제 안내',190,'notice','2024-09-18 15:10:00',50),(30,'공지사항 10','신제품 입고 안내.',200,'notice','2024-10-20 14:45:00',49);
/*!40000 ALTER TABLE `board` ENABLE KEYS */;
UNLOCK TABLES;

--
-- Table structure for table `branch`
--

DROP TABLE IF EXISTS `branch`;
/*!40101 SET @saved_cs_client     = @@character_set_client */;
/*!50503 SET character_set_client = utf8mb4 */;
CREATE TABLE `branch` (
  `branch_id` int NOT NULL AUTO_INCREMENT COMMENT '식별자',
  `branch_name` varchar(100) not null unique,
  `branch_address` varchar(225) not null,
  `branch_latitude` decimal(18, 10) not null comment '위도',
  `branch_longitude` decimal(18, 10) not null comment '경도',
  PRIMARY KEY (`branch_id`)
) ENGINE=InnoDB AUTO_INCREMENT=11 DEFAULT CHARSET=utf8mb4 COLLATE=utf8mb4_bin;
/*!40101 SET character_set_client = @saved_cs_client */;

--
-- Dumping data for table `branch`
--

LOCK TABLES `branch` WRITE;
/*!40000 ALTER TABLE `branch` DISABLE KEYS */;
INSERT INTO `branch` VALUES 
(1,'이마트 양재점', '서울특별시 서초구 매헌로 16', '37.463144', '127.036717'),
(2,'이마트 역삼점', '서울특별시 강남구 역삼로 310', '37.499171', '127.048472'),
(3,'이마트 자양점', '서울특별시 광진구 아차산로 272', '37.538425', '127.073062'),
(4,'이마트 동인천점', '인천광역시 중구 인중로 134', '37.466494', '126.629110'),
(5,'이마트 경기광주점', '경기도 광주시 광주대로 30','37.410060', '127.261226'),
(6,'트레이더스 홀세일 클럽 고양점', '경기도 고양시 덕양구 고양대로 1955', '37.646621', '126.893160'),
(7,'트레이더스 홀세일 클럽 군포점', '경기도 군포시 삼성로 74', '37.340084', '126.934545'),
(8,'트레이더스 홀세일 클럽 부천점', '경기도 부천시 옥길로 1', '37.461413', '126.814094'),
(9,'트레이더스 홀세일 클럽 김포점', '경기도 김포시 김포대로 715', '37.612512', '126.730753'),
(10,'트레이더스 홀세일 클럽 수원점', '경기도 수원시 영통구 삼성로 2', '37.245996', '127.048638');
/*!40000 ALTER TABLE `branch` ENABLE KEYS */;
UNLOCK TABLES;

--
-- Table structure for table `category`
--

DROP TABLE IF EXISTS `category`;
/*!40101 SET @saved_cs_client     = @@character_set_client */;
/*!50503 SET character_set_client = utf8mb4 */;
CREATE TABLE `category` (
  `category_id` int NOT NULL AUTO_INCREMENT COMMENT '식별자',
  `category_name` varchar(20) CHARACTER SET utf8mb4 COLLATE utf8mb4_bin NOT NULL COMMENT '상품카테고리(과일,채소,곡류,육류,수산물,유제품,간편식/가공식품,음료,조미료,간식,건강식품,스킨케어,메이크업,향수,공구,차량용품,가전제품,휴대용기기,유아용장난감)',
  PRIMARY KEY (`category_id`)
) ENGINE=InnoDB AUTO_INCREMENT=21 DEFAULT CHARSET=utf8mb4 COLLATE=utf8mb4_bin;
/*!40101 SET character_set_client = @saved_cs_client */;

--
-- Dumping data for table `category`
--

LOCK TABLES `category` WRITE;
/*!40000 ALTER TABLE `category` DISABLE KEYS */;
INSERT INTO `category` VALUES (1,'과일'),(2,'채소'),(3,'육류'),(4,'수산물'),(5,'유제품'),(6,'음료'),(7,'간식'),(8,'가공식품'),(9,'냉동식품'),(10,'조미료'),(11,'빵'),(12,'아이스크림'),(13,'커피'),(14,'차'),(15,'주류'),(16,'건강식품'),(17,'반찬'),(18,'즉석식품'),(19,'잡화'),(20,'생활용품');
/*!40000 ALTER TABLE `category` ENABLE KEYS */;
UNLOCK TABLES;

--
-- Table structure for table `comment`
--

DROP TABLE IF EXISTS `comment`;
/*!40101 SET @saved_cs_client     = @@character_set_client */;
/*!50503 SET character_set_client = utf8mb4 */;
CREATE TABLE `comment` (
  `comment_id` int NOT NULL AUTO_INCREMENT,
  `comment_date` datetime DEFAULT CURRENT_TIMESTAMP,
  `comment` varchar(100) CHARACTER SET utf8mb4 COLLATE utf8mb4_bin DEFAULT NULL,
  `member_no` int NOT NULL,
  `board_id` int NOT NULL,
  PRIMARY KEY (`comment_id`),
  KEY `member_no` (`member_no`),
  KEY `board_id` (`board_id`),
  CONSTRAINT `comment_ibfk_1` FOREIGN KEY (`member_no`) REFERENCES `member` (`member_no`),
  CONSTRAINT `comment_ibfk_2` FOREIGN KEY (`board_id`) REFERENCES `board` (`board_id`)
) ENGINE=InnoDB AUTO_INCREMENT=31 DEFAULT CHARSET=utf8mb4 COLLATE=utf8mb4_bin;
/*!40101 SET character_set_client = @saved_cs_client */;

--
-- Dumping data for table `comment`
--

LOCK TABLES `comment` WRITE;
/*!40000 ALTER TABLE `comment` DISABLE KEYS */;
INSERT INTO `comment` VALUES (1,'2024-01-06 10:15:00','강남점 오픈을 진심으로 축하드립니다! 자주 방문하겠습니다.',49,21),(2,'2024-01-07 11:20:00','새로운 지점 오픈 소식 반갑네요. 성공적인 운영 기대합니다.',50,21),(3,'2024-01-08 12:25:00','강남 지역 주민으로서 정말 기쁜 소식입니다. 오픈 행사 기대할게요!',51,21),(4,'2024-02-11 09:30:00','재고 정리 세일 기간이 언제까지인가요? 꼭 방문하고 싶습니다.',52,22),(5,'2024-02-12 14:45:00','세일 품목 중 특별히 추천하시는 상품이 있나요?',49,22),(6,'2024-02-13 16:20:00','이번 세일 정말 기대되네요. 친구들과 함께 방문하겠습니다!',50,22),(7,'2024-03-16 10:00:00','신선식품 할인 좋네요. 과일이나 채소도 포함인가요?',51,23),(8,'2024-03-17 13:30:00','특별 할인 이벤트 기간이 얼마나 되나요? 주말에도 적용되나요?',52,23),(9,'2024-03-18 15:45:00','신선식품 품질 좋기로 유명한 이마트, 이번 기회에 많이 구매해야겠어요.',49,23),(10,'2024-04-21 09:15:00','여름 음료 기획전 좋네요. 특별히 새로 입고된 음료가 있나요?',50,24),(11,'2024-04-22 11:40:00','시원한 음료 마시며 더위 날리고 싶어요. 할인율은 어느 정도인가요?',51,24),(12,'2024-04-23 14:20:00','음료 기획전과 함께하는 이벤트도 있나요? 경품 같은 것도 궁금합니다.',52,24),(13,'2024-05-26 10:30:00','추석 선물세트 예약 시 특별 혜택이 있나요? 미리 준비하고 싶습니다.',49,25),(14,'2024-05-27 13:00:00','작년 인기 있었던 선물세트도 올해 준비되나요? 품절 전에 예약하고 싶어요.',50,25),(15,'2024-05-28 15:15:00','선물세트 구성품을 미리 볼 수 있는 방법이 있을까요? 카탈로그 같은 거요.',51,25),(16,'2024-07-01 09:45:00','멤버십 포인트 두배 적립 정말 좋네요. 특정 상품군에만 해당되나요?',52,26),(17,'2024-07-02 12:10:00','이번 기회에 대량 구매하려고요. 적립 한도가 정해져 있나요?',49,26),(18,'2024-07-03 14:30:00','포인트 두배 적립 행사 기간이 어떻게 되나요? 미리 계획 세우고 싶어서요.',50,26),(19,'2024-07-06 11:00:00','친환경 제품에 관심이 많아요. 어떤 종류의 제품들이 준비되나요?',51,27),(20,'2024-07-07 13:25:00','특별전 기간 동안 친환경 제품 구매 시 추가 혜택이 있나요?',52,27),(21,'2024-07-08 15:50:00','이런 행사 자주 해주세요. 환경을 생각하는 소비, 정말 중요합니다!',49,27),(22,'2024-08-13 10:20:00','가을 신상품 중 특별히 기대되는 제품이 있다면 소개해주세요!',50,28),(23,'2024-08-14 12:45:00','신상품 입고 기념 이벤트 같은 것도 준비되어 있나요?',51,28),(24,'2024-08-15 15:00:00','가을 신상품 미리 보기 행사 같은 것도 계획 중인가요? 기대됩니다!',52,28),(25,'2024-09-19 09:30:00','연말 고객 감사 대축제, 정말 기대되네요. 어떤 이벤트들이 준비되어 있나요?',49,29),(26,'2024-09-20 11:55:00','작년 축제도 정말 좋았어요. 올해는 더 기대됩니다. 사은품도 있나요?',50,29),(27,'2024-09-21 14:15:00','축제 기간 동안 특별 할인 품목들도 미리 공개해주시면 좋겠어요.',51,29),(28,'2024-10-21 10:40:00','어떤 신제품들이 입고되나요? 기대되는 상품이 있다면 소개해주세요.',52,30),(29,'2024-10-22 13:05:00','신제품 체험 이벤트 같은 것도 진행되나요? 참여하고 싶어요.',49,30),(30,'2024-10-23 15:30:00','신제품 할인 행사도 함께 진행되나요? 구매 시 참고하고 싶습니다.',50,30);
/*!40000 ALTER TABLE `comment` ENABLE KEYS */;
UNLOCK TABLES;

--
-- Table structure for table `income`
--

DROP TABLE IF EXISTS `income`;
/*!40101 SET @saved_cs_client     = @@character_set_client */;
/*!50503 SET character_set_client = utf8mb4 */;
CREATE TABLE `income` (
  `income_ID` int NOT NULL AUTO_INCREMENT COMMENT '입고 고유식별자',
  `income_expected_date` datetime NOT NULL COMMENT '입고 예정일자',
  `income_date` datetime DEFAULT NULL COMMENT '입고일',
  `income_type` tinyint NOT NULL COMMENT '일반 : 0/긴급 : 1',
  `income_status` tinyint NOT NULL COMMENT '입고 진행상태(입고 예정(0) / 검수중(1) /  적치중(2)  /  입고완료(3) / 입고취소(4))',
  `income_expected_quantity` int NOT NULL COMMENT '입고 예정 수량',
  `income_actual_quantity` int DEFAULT NULL COMMENT '실제로 입고된 수량',
  `income_price` int DEFAULT NULL COMMENT '입고 단위당 가격',
  `shipper_id` int NOT NULL,
  `product_id` int NOT NULL,
  `sector_id` int DEFAULT NULL,
  PRIMARY KEY (`income_ID`),
  KEY `shipper_id` (`shipper_id`),
  KEY `product_id` (`product_id`),
  KEY `sector_id` (`sector_id`),
  CONSTRAINT `income_ibfk_1` FOREIGN KEY (`shipper_id`) REFERENCES `shipper` (`shipper_id`),
  CONSTRAINT `income_ibfk_2` FOREIGN KEY (`product_id`) REFERENCES `product` (`product_id`),
  CONSTRAINT `income_ibfk_3` FOREIGN KEY (`sector_id`) REFERENCES `sector` (`sector_id`)
) ENGINE=InnoDB AUTO_INCREMENT=159 DEFAULT CHARSET=utf8mb4 COLLATE=utf8mb4_bin;
/*!40101 SET character_set_client = @saved_cs_client */;

--
-- Dumping data for table `income`
--

LOCK TABLES `income` WRITE;
/*!40000 ALTER TABLE `income` DISABLE KEYS */;
INSERT INTO `income` VALUES (1,'2022-03-07 00:00:00','2025-01-15 00:00:00',1,3,180,282,4998,5,51,174),(2,'2021-01-12 00:00:00','2025-01-13 00:00:00',0,3,103,285,2495,10,44,164),(3,'2020-05-05 00:00:00','2025-01-14 00:00:00',0,3,207,204,4850,9,48,104),(4,'2024-01-31 00:00:00','2025-01-13 00:00:00',0,3,145,273,5571,1,40,8),(5,'2023-12-09 00:00:00','2025-01-11 00:00:00',0,3,325,425,3580,1,52,3),(6,'2022-06-17 00:00:00','2025-01-13 00:00:00',0,3,159,313,2346,6,9,187),(7,'2023-11-02 00:00:00','2025-01-13 00:00:00',0,3,235,453,2858,2,44,22),(8,'2023-03-16 00:00:00','2025-01-13 00:00:00',0,3,513,113,5647,3,20,186),(9,'2021-08-22 00:00:00','2025-01-12 00:00:00',0,3,297,164,4963,2,37,89),(10,'2023-01-27 00:00:00','2025-01-12 00:00:00',0,3,153,478,1733,9,56,7),(11,'2023-03-17 00:00:00','2025-01-12 00:00:00',0,3,442,102,2156,9,21,54),(12,'2023-06-12 00:00:00','2025-01-11 00:00:00',0,3,460,486,2921,1,55,107),(13,'2020-06-03 00:00:00','2025-01-15 00:00:00',0,3,353,65,2737,7,9,153),(14,'2022-12-26 00:00:00','2025-01-12 00:00:00',0,3,445,93,1527,3,53,133),(15,'2021-08-11 00:00:00','2025-01-13 00:00:00',0,3,315,109,1324,10,28,98),(16,'2024-09-03 00:00:00','2025-01-11 00:00:00',0,3,448,86,1067,9,5,182),(17,'2023-07-01 00:00:00','2025-01-11 00:00:00',0,3,304,478,2189,4,57,146),(18,'2021-01-04 00:00:00','2025-01-11 00:00:00',1,3,339,238,2773,6,32,21),(19,'2020-06-16 00:00:00','2025-01-14 00:00:00',0,3,230,448,2750,1,25,151),(20,'2022-04-05 00:00:00','2025-01-13 00:00:00',1,3,92,337,5680,8,2,162),(21,'2020-02-18 00:00:00','2025-01-13 00:00:00',0,3,509,126,1482,10,34,184),(22,'2020-08-19 00:00:00','2025-01-12 00:00:00',0,3,242,454,2678,10,55,123),(23,'2023-05-27 00:00:00','2025-01-11 00:00:00',0,3,397,236,5966,8,38,187),(24,'2021-01-01 00:00:00','2025-01-14 00:00:00',1,3,184,474,5564,8,56,79),(25,'2023-12-11 00:00:00','2025-01-11 00:00:00',1,3,480,290,1479,9,5,158),(26,'2021-07-29 00:00:00','2025-01-15 00:00:00',0,3,506,152,2997,4,23,186),(27,'2022-07-01 00:00:00','2025-01-12 00:00:00',0,3,182,221,1537,4,40,25),(28,'2021-12-06 00:00:00','2025-01-12 00:00:00',1,3,98,446,1578,10,20,166),(29,'2024-04-14 00:00:00','2025-01-14 00:00:00',1,3,502,353,4314,3,28,80),(30,'2021-11-21 00:00:00','2025-01-11 00:00:00',1,3,407,416,5609,2,5,178),(31,'2024-01-03 00:00:00','2025-01-14 00:00:00',0,3,56,225,5548,4,11,146),(32,'2024-06-06 00:00:00','2025-01-13 00:00:00',0,3,299,154,4312,7,6,127),(33,'2020-08-27 00:00:00','2025-01-13 00:00:00',1,3,350,304,1106,5,60,146),(34,'2021-09-24 00:00:00','2025-01-15 00:00:00',0,3,496,273,5021,6,15,127),(35,'2022-11-18 00:00:00','2025-01-14 00:00:00',0,3,172,143,2538,10,39,96),(36,'2022-10-09 00:00:00','2025-01-11 00:00:00',1,3,397,474,4182,4,51,27),(37,'2024-03-22 00:00:00','2025-01-13 00:00:00',0,3,403,390,4334,1,19,77),(38,'2020-03-07 00:00:00','2025-01-12 00:00:00',0,3,120,381,2297,1,40,3),(39,'2024-07-30 00:00:00','2025-01-13 00:00:00',1,3,92,410,4761,4,32,108),(40,'2024-05-26 00:00:00','2025-01-15 00:00:00',0,3,387,105,3929,6,4,116),(41,'2021-06-12 00:00:00','2025-01-11 00:00:00',0,3,255,245,5680,4,6,67),(42,'2023-02-07 00:00:00','2025-01-11 00:00:00',0,3,439,203,2849,9,2,125),(43,'2024-10-25 00:00:00','2025-01-14 00:00:00',0,3,198,253,2851,5,23,73),(44,'2021-07-21 00:00:00','2025-01-13 00:00:00',1,3,294,329,4194,4,44,133),(45,'2024-05-21 00:00:00','2025-01-12 00:00:00',1,3,358,196,4860,9,7,177),(46,'2024-08-06 00:00:00','2025-01-12 00:00:00',0,3,175,79,3856,7,36,199),(47,'2024-03-11 00:00:00','2025-01-11 00:00:00',1,3,423,99,2519,2,3,134),(48,'2024-02-11 00:00:00','2025-01-11 00:00:00',0,3,400,142,5624,1,17,64),(49,'2021-02-06 00:00:00','2025-01-11 00:00:00',0,3,480,325,3407,6,25,62),(50,'2023-06-05 00:00:00','2025-01-12 00:00:00',0,3,308,58,3719,7,41,81),(51,'2020-02-29 00:00:00','2025-01-12 00:00:00',0,3,188,50,1857,9,46,44),(52,'2020-12-14 00:00:00','2025-01-13 00:00:00',0,3,248,389,3886,7,25,26),(53,'2022-11-10 00:00:00','2025-01-12 00:00:00',0,3,58,65,1630,6,15,134),(54,'2022-02-17 00:00:00','2025-01-11 00:00:00',1,3,257,310,4250,6,37,106),(55,'2021-01-20 00:00:00','2025-01-13 00:00:00',0,3,548,73,2376,3,16,128),(56,'2023-01-04 00:00:00','2025-01-15 00:00:00',0,3,395,144,5888,3,22,6),(57,'2024-10-10 00:00:00','2025-01-15 00:00:00',0,3,193,109,4976,6,32,173),(58,'2021-05-08 00:00:00','2025-01-15 00:00:00',0,3,256,57,5198,2,14,142),(59,'2020-10-19 00:00:00','2025-01-15 00:00:00',0,3,487,157,3837,2,55,31),(60,'2024-09-30 00:00:00','2025-01-11 00:00:00',1,3,275,176,1292,5,4,190),(61,'2022-03-05 00:00:00','2025-01-15 00:00:00',0,3,471,80,5087,9,58,24),(62,'2021-05-22 00:00:00','2025-01-14 00:00:00',0,3,398,286,3666,1,52,198),(63,'2023-02-26 00:00:00','2025-01-11 00:00:00',0,3,441,219,3644,6,60,85),(64,'2024-06-08 00:00:00','2025-01-14 00:00:00',0,3,448,446,1072,5,7,50),(65,'2020-07-04 00:00:00','2025-01-11 00:00:00',0,3,51,129,5335,9,27,154),(66,'2022-06-04 00:00:00','2025-01-14 00:00:00',0,3,105,284,2367,9,12,108),(67,'2024-06-17 00:00:00','2025-01-11 00:00:00',0,3,381,395,5229,10,7,145),(68,'2023-07-19 00:00:00','2025-01-14 00:00:00',0,3,495,104,5623,3,33,187),(69,'2024-12-12 00:00:00','2025-01-14 00:00:00',0,3,249,323,5210,4,25,180),(70,'2023-10-22 00:00:00','2025-01-13 00:00:00',1,3,203,303,5511,9,24,97),(71,'2023-11-05 00:00:00','2025-01-12 00:00:00',0,3,95,154,5455,8,8,63),(72,'2023-12-29 00:00:00','2025-01-15 00:00:00',1,3,216,437,2514,10,46,1),(73,'2021-05-25 00:00:00','2025-01-12 00:00:00',0,3,129,383,2164,10,1,39),(74,'2020-03-21 00:00:00','2025-01-14 00:00:00',0,3,463,140,3636,1,35,163),(75,'2023-07-06 00:00:00','2025-01-15 00:00:00',0,3,368,237,1853,7,32,155),(76,'2023-07-11 00:00:00','2025-01-14 00:00:00',0,3,517,205,5599,6,5,129),(77,'2025-01-14 00:00:00','2025-01-15 00:00:00',0,3,445,381,2536,4,43,118),(78,'2021-01-23 00:00:00','2025-01-14 00:00:00',0,3,498,206,1231,2,49,101),(79,'2024-09-19 00:00:00','2025-01-11 00:00:00',1,3,61,241,1310,1,59,161),(80,'2024-09-22 00:00:00','2025-01-11 00:00:00',0,3,129,344,4978,1,42,79),(128,'2025-01-29 00:00:00',NULL,0,1,208,NULL,4003,1,28,31),(129,'2025-01-20 00:00:00',NULL,0,0,440,NULL,4576,3,1,70),(130,'2025-01-26 00:00:00',NULL,0,0,460,NULL,4342,9,24,71),(131,'2025-01-23 00:00:00',NULL,0,0,384,NULL,1878,9,50,105),(132,'2025-01-17 00:00:00',NULL,0,0,115,NULL,3000,7,51,81),(133,'2025-01-22 00:00:00',NULL,0,0,82,NULL,3181,10,37,21),(134,'2025-01-25 00:00:00',NULL,0,0,101,NULL,1285,10,44,136),(135,'2025-01-18 00:00:00',NULL,0,0,514,NULL,3919,2,56,39),(136,'2025-01-18 00:00:00',NULL,0,0,508,NULL,4557,9,55,26),(137,'2025-01-29 00:00:00',NULL,0,0,478,NULL,5844,3,27,83),(138,'2025-01-26 00:00:00',NULL,0,0,440,NULL,5137,8,30,20),(139,'2025-01-30 00:00:00',NULL,0,0,235,NULL,2863,8,39,198),(140,'2025-01-30 00:00:00',NULL,1,0,57,NULL,1376,4,26,32),(141,'2025-01-23 00:00:00',NULL,0,0,231,NULL,5885,8,3,171),(142,'2025-01-16 00:00:00',NULL,0,4,118,NULL,2350,10,53,111),(143,'2025-01-17 00:00:00',NULL,0,0,543,NULL,4786,9,51,155),(144,'2025-01-19 00:00:00',NULL,0,0,117,NULL,2057,7,38,27),(145,'2025-01-28 00:00:00',NULL,0,0,128,NULL,4141,7,28,52),(146,'2025-01-30 00:00:00',NULL,1,2,292,100,5612,2,1,112),(147,'2025-01-27 00:00:00',NULL,0,0,204,NULL,2028,1,53,22);
/*!40000 ALTER TABLE `income` ENABLE KEYS */;
UNLOCK TABLES;

--
-- Table structure for table `inventory`
--

DROP TABLE IF EXISTS `inventory`;
/*!40101 SET @saved_cs_client     = @@character_set_client */;
/*!50503 SET character_set_client = utf8mb4 */;
CREATE TABLE `inventory` (
  `inventory_id` int NOT NULL AUTO_INCREMENT COMMENT '식별자',
  `inventory_quantity` int NOT NULL COMMENT '0보다 큰 정수',
  `real_inventory_quantity` int NOT NULL,
  `expiration_date` datetime NOT NULL COMMENT '2025-01-01',
  `sector_id` int NOT NULL,
  `product_id` int NOT NULL,
  PRIMARY KEY (`inventory_id`),
  KEY `sector_id` (`sector_id`),
  KEY `product_id` (`product_id`),
  CONSTRAINT `inventory_ibfk_1` FOREIGN KEY (`sector_id`) REFERENCES `sector` (`sector_id`),
  CONSTRAINT `inventory_ibfk_2` FOREIGN KEY (`product_id`) REFERENCES `product` (`product_id`)
) ENGINE=InnoDB AUTO_INCREMENT=181 DEFAULT CHARSET=utf8mb4 COLLATE=utf8mb4_bin;
/*!40101 SET character_set_client = @saved_cs_client */;

--
-- Dumping data for table `inventory`
--

LOCK TABLES `inventory` WRITE;
/*!40000 ALTER TABLE `inventory` DISABLE KEYS */;
INSERT INTO `inventory` VALUES (121,100,98,'2025-06-15 00:00:00',1,1),(122,150,149,'2025-07-20 00:00:00',2,2),(123,200,198,'2025-08-25 00:00:00',3,3),(124,120,119,'2025-09-10 00:00:00',4,4),(125,130,128,'2025-10-05 00:00:00',5,5),(126,140,138,'2025-11-12 00:00:00',6,6),(127,110,109,'2025-12-30 00:00:00',7,7),(128,160,158,'2025-08-03 00:00:00',8,8),(129,180,177,'2025-09-18 00:00:00',9,9),(130,100,99,'2025-10-22 00:00:00',10,10),(131,170,168,'2025-11-05 00:00:00',11,11),(132,130,129,'2025-12-14 00:00:00',12,12),(133,140,138,'2025-07-01 00:00:00',13,13),(134,120,118,'2025-08-09 00:00:00',14,14),(135,110,108,'2025-09-27 00:00:00',15,15),(136,190,188,'2025-10-31 00:00:00',16,16),(137,200,197,'2025-11-29 00:00:00',17,17),(138,150,148,'2025-12-25 00:00:00',18,18),(139,130,128,'2025-07-11 00:00:00',19,19),(140,140,139,'2025-08-17 00:00:00',20,20),(141,160,158,'2025-09-23 00:00:00',21,21),(142,170,168,'2025-10-19 00:00:00',22,22),(143,180,177,'2025-11-26 00:00:00',23,23),(144,120,118,'2025-12-03 00:00:00',24,24),(145,130,129,'2025-07-22 00:00:00',25,25),(146,150,148,'2025-08-28 00:00:00',26,26),(147,140,138,'2025-09-14 00:00:00',27,27),(148,160,157,'2025-10-10 00:00:00',28,28),(149,170,168,'2025-11-16 00:00:00',29,29),(150,180,178,'2025-12-22 00:00:00',30,30),(151,190,188,'2025-07-05 00:00:00',31,31),(152,200,197,'2025-08-11 00:00:00',32,32),(153,110,109,'2025-09-17 00:00:00',33,33),(154,120,118,'2025-10-23 00:00:00',34,34),(155,130,128,'2025-11-29 00:00:00',35,35),(156,140,138,'2025-12-05 00:00:00',36,36),(157,150,148,'2025-07-15 00:00:00',37,37),(158,160,158,'2025-08-21 00:00:00',38,38),(159,170,168,'2025-09-27 00:00:00',39,39),(160,180,177,'2025-10-03 00:00:00',40,40),(161,190,188,'2025-11-09 00:00:00',41,41),(162,200,197,'2025-12-15 00:00:00',42,42),(163,110,109,'2025-07-25 00:00:00',43,43),(164,120,118,'2025-08-31 00:00:00',44,44),(165,130,128,'2025-09-06 00:00:00',45,45),(166,140,138,'2025-10-12 00:00:00',46,46),(167,150,148,'2025-11-18 00:00:00',47,47),(168,160,158,'2025-12-24 00:00:00',48,48),(169,170,168,'2025-07-30 00:00:00',49,49),(170,180,177,'2025-08-05 00:00:00',50,50),(171,190,188,'2025-09-11 00:00:00',51,51),(172,200,197,'2025-10-17 00:00:00',52,52),(173,110,109,'2025-11-23 00:00:00',53,53),(174,120,118,'2025-12-29 00:00:00',54,54),(175,130,128,'2025-08-04 00:00:00',55,55),(176,140,138,'2025-09-10 00:00:00',56,56),(177,150,148,'2025-10-16 00:00:00',57,57),(178,160,158,'2025-11-22 00:00:00',58,58),(179,170,168,'2025-12-28 00:00:00',59,59),(180,110,109,'2025-12-30 00:00:00',60,60);
/*!40000 ALTER TABLE `inventory` ENABLE KEYS */;
UNLOCK TABLES;

--
-- Table structure for table `member`
--

DROP TABLE IF EXISTS `member`;
/*!40101 SET @saved_cs_client     = @@character_set_client */;
/*!50503 SET character_set_client = utf8mb4 */;
CREATE TABLE `member` (
  `member_no` int NOT NULL AUTO_INCREMENT COMMENT '식별자',
  `member_id` varchar(50) CHARACTER SET utf8mb4 COLLATE utf8mb4_bin NOT NULL COMMENT '영문 및 숫자만 가능',
  `member_pw` varchar(100) CHARACTER SET utf8mb4 COLLATE utf8mb4_bin NOT NULL COMMENT '대문자, 특수문자 포함 8자 이상',
  `member_name` varchar(50) CHARACTER SET utf8mb4 COLLATE utf8mb4_bin NOT NULL,
  `member_email` varchar(100) CHARACTER SET utf8mb4 COLLATE utf8mb4_bin NOT NULL,
  `member_phone` varchar(30) CHARACTER SET utf8mb4 COLLATE utf8mb4_bin NOT NULL COMMENT '999-9999-9999',
  `member_post` varchar(30) CHARACTER SET utf8mb4 COLLATE utf8mb4_bin NOT NULL,
  `member_addr` varchar(255) CHARACTER SET utf8mb4 COLLATE utf8mb4_bin NOT NULL COMMENT '도로명주소 + 상세주소',
  `member_birth` varchar(30) CHARACTER SET utf8mb4 COLLATE utf8mb4_bin NOT NULL COMMENT 'yyyy-MM-dd',
  `member_date` datetime DEFAULT CURRENT_TIMESTAMP,
  `member_isActive` tinyint DEFAULT '0' COMMENT '활성화 여부(true : 0 / false :  1))',
  `member_role` tinyint DEFAULT '1' COMMENT '0 : 슈퍼 계정 / 1 : 일반 관리자',
  `warehouse_id` int NOT NULL,
  PRIMARY KEY (`member_no`),
  KEY `warehouse_id` (`warehouse_id`),
  CONSTRAINT `member_ibfk_1` FOREIGN KEY (`warehouse_id`) REFERENCES `warehouse` (`warehouse_id`)
) ENGINE=InnoDB AUTO_INCREMENT=54 DEFAULT CHARSET=utf8mb4 COLLATE=utf8mb4_bin;
/*!40101 SET character_set_client = @saved_cs_client */;

--
-- Dumping data for table `member`
--

LOCK TABLES `member` WRITE;
/*!40000 ALTER TABLE `member` DISABLE KEYS */;

INSERT INTO `member` values (1, 'admin', '$2a$10$PznLNUVNkg69fAdnj8V21u5HFxzxU5smM7WOPgTz2LaE4PWeoeSxC', '관리자', 'admin@ewms.com', '010-0000-0000', '00000', 'N/A', '2025-01-01', '2025-01-01 00:00:00', 1, 1, 1);
INSERT INTO `member` VALUES (49,'admin1','Admin@1234','홍길동','admin1@naver.com','010-1234-5678','06000','서울특별시 강남구 테헤란로 123','1985-05-15','2024-03-10 10:20:30',1,1,1),(50,'admin2','Admin@5678','김철수','admin2@naver.com','010-2345-6789','03000','부산광역시 해운대구 센텀서로 456','1978-11-22','2024-06-18 14:35:50',1,1,2),(51,'admin3','Admin@9012','이영희','admin3@naver.com','010-3456-7890','29000','대구광역시 중구 동성로 789','1990-07-08','2024-09-25 09:15:45',1,1,3),(52,'admin4','Admin@3456','박민수','admin4@naver.com','010-4567-8901','22000','인천광역시 남동구 예술로 321','1982-02-28','2024-12-05 16:50:20',1,1,4),(53,'krt8599','$2a$10$Zei8YWsknDi62Y41QjZsG.Q6obXAK4.DmaxZeERcjGTHW8F7YTK9u','김진오','krt8599@naver.com','010-8662-7626','06327','서울_강남구_삼성로_11_','2000-08-29','2025-01-14 17:30:51',0,1,1);
/*!40000 ALTER TABLE `member` ENABLE KEYS */;
UNLOCK TABLES;

--
-- Table structure for table `outgoing`
--

DROP TABLE IF EXISTS `outgoing`;
/*!40101 SET @saved_cs_client     = @@character_set_client */;
/*!50503 SET character_set_client = utf8mb4 */;
CREATE TABLE `outgoing` (
  `outgoing_id` int NOT NULL AUTO_INCREMENT COMMENT '식별자',
  `outgoing_quantity` int NOT NULL,
  `outgoing_price` int NOT NULL,
  `outgoing_request_date` datetime DEFAULT CURRENT_TIMESTAMP,
  `outgoing_date` datetime DEFAULT NULL COMMENT '출고가 완료된 시간',
  `outgoing_type` tinyint NOT NULL COMMENT '0: 일반 / 1: 긴급',
  `outgoing_status` tinyint NOT NULL COMMENT '(0:출고예정/ 1:출고대기/ 2:출고완료 )',
  `branch_id` int NOT NULL,
  `product_id` int NOT NULL,
  `shipper_id` int NOT NULL,
  `sector_id` int NOT NULL,
  PRIMARY KEY (`outgoing_id`),
  KEY `branch_id` (`branch_id`),
  KEY `product_id` (`product_id`),
  KEY `shipper_id` (`shipper_id`),
  KEY `sector_id` (`sector_id`),
  CONSTRAINT `outgoing_ibfk_1` FOREIGN KEY (`branch_id`) REFERENCES `branch` (`branch_id`),
  CONSTRAINT `outgoing_ibfk_2` FOREIGN KEY (`product_id`) REFERENCES `product` (`product_id`),
  CONSTRAINT `outgoing_ibfk_3` FOREIGN KEY (`shipper_id`) REFERENCES `shipper` (`shipper_id`),
  CONSTRAINT `outgoing_ibfk_4` FOREIGN KEY (`sector_id`) REFERENCES `sector` (`sector_id`)
) ENGINE=InnoDB AUTO_INCREMENT=101 DEFAULT CHARSET=utf8mb4 COLLATE=utf8mb4_bin;
/*!40101 SET character_set_client = @saved_cs_client */;

--
-- Dumping data for table `outgoing`
--

LOCK TABLES `outgoing` WRITE;
/*!40000 ALTER TABLE `outgoing` DISABLE KEYS */;
INSERT INTO `outgoing` VALUES (1,131,39995,'2025-01-05 10:00:00',NULL,0,0,6,47,2,98),(2,12,19356,'2020-01-23 10:00:00',NULL,1,1,1,7,6,135),(3,48,47283,'2020-02-10 10:00:00','2020-02-11 10:00:00',0,2,10,25,4,19),(4,96,13332,'2020-02-28 10:00:00',NULL,1,1,10,3,2,59),(5,165,33509,'2020-03-17 10:00:00','2020-03-18 10:00:00',0,2,7,15,4,111),(6,77,17398,'2020-04-04 10:00:00',NULL,1,1,4,40,8,177),(7,3,17532,'2020-04-22 10:00:00','2020-04-23 10:00:00',1,2,5,17,10,12),(8,100,29464,'2020-05-10 10:00:00',NULL,0,0,1,5,3,14),(9,101,10302,'2020-05-28 10:00:00','2020-05-29 10:00:00',0,2,9,58,10,93),(10,44,46463,'2020-06-15 10:00:00',NULL,1,1,7,10,6,191),(11,18,16817,'2020-07-03 10:00:00',NULL,0,0,3,32,5,34),(12,133,14955,'2020-07-21 10:00:00','2020-07-22 10:00:00',1,2,6,28,10,200),(13,187,20851,'2020-08-08 10:00:00',NULL,1,1,2,1,6,41),(14,72,34112,'2020-08-26 10:00:00','2020-08-28 10:00:00',0,2,7,55,8,16),(15,88,37876,'2020-09-13 10:00:00',NULL,1,1,10,7,7,89),(16,151,23396,'2020-10-01 10:00:00','2020-10-02 10:00:00',0,2,8,11,2,172),(17,98,17309,'2020-10-19 10:00:00',NULL,0,0,6,37,5,149),(18,196,29907,'2020-11-06 10:00:00','2020-11-08 10:00:00',1,2,7,16,7,101),(19,57,34691,'2020-11-24 10:00:00','2020-11-26 10:00:00',0,2,9,29,7,11),(20,186,27944,'2020-12-12 10:00:00',NULL,1,1,2,4,5,199),(21,80,14215,'2020-12-30 10:00:00','2020-12-31 10:00:00',1,2,3,31,6,176),(22,132,29572,'2021-01-17 10:00:00',NULL,0,0,2,2,4,115),(23,97,16100,'2021-02-04 10:00:00',NULL,1,1,1,43,10,27),(24,72,38038,'2021-02-22 10:00:00','2021-02-24 10:00:00',0,2,10,22,3,8),(25,178,10599,'2021-03-12 10:00:00',NULL,1,1,1,14,4,142),(26,66,27071,'2021-03-30 10:00:00','2021-04-01 10:00:00',0,2,3,8,5,128),(27,31,17151,'2021-04-17 10:00:00',NULL,1,1,2,49,1,56),(28,185,37522,'2021-05-05 10:00:00',NULL,0,0,1,11,10,140),(29,49,12107,'2021-05-23 10:00:00','2021-05-24 10:00:00',0,2,6,13,5,131),(30,70,48230,'2021-06-10 10:00:00','2021-06-12 10:00:00',1,2,8,53,10,182),(31,147,38053,'2021-06-28 10:00:00',NULL,0,0,9,39,7,38),(32,4,30822,'2021-07-16 10:00:00',NULL,0,0,4,60,9,75),(33,53,22700,'2021-08-03 10:00:00','2021-08-06 10:00:00',1,2,3,59,6,51),(34,136,35468,'2021-08-21 10:00:00','2021-08-22 10:00:00',0,2,2,42,2,39),(35,183,18118,'2021-09-08 10:00:00',NULL,1,1,7,30,10,78),(36,87,27100,'2021-09-26 10:00:00','2021-09-27 10:00:00',0,2,6,58,3,145),(37,94,17872,'2021-10-14 10:00:00',NULL,1,1,8,5,1,187),(38,30,34486,'2021-11-01 10:00:00',NULL,1,1,2,17,9,9),(39,22,24010,'2021-11-19 10:00:00','2021-11-20 10:00:00',1,2,8,12,3,41),(40,23,26354,'2021-12-07 10:00:00',NULL,1,1,4,46,2,17),(41,179,21444,'2021-12-25 10:00:00','2021-12-27 10:00:00',0,2,2,6,9,183),(42,78,37258,'2022-01-12 10:00:00',NULL,1,1,10,3,6,62),(43,147,35320,'2022-01-30 10:00:00','2022-02-01 10:00:00',0,2,4,56,10,91),(44,25,34584,'2022-02-17 10:00:00',NULL,1,1,7,25,3,47),(45,167,4042,'2022-03-07 10:00:00','2022-03-09 10:00:00',0,2,9,58,1,111),(46,37,22449,'2022-03-25 10:00:00',NULL,1,1,3,51,7,167),(47,185,18476,'2022-04-12 10:00:00',NULL,0,0,2,4,4,37),(48,57,23458,'2022-04-30 10:00:00','2022-05-01 10:00:00',1,2,5,29,1,25),(49,61,30354,'2022-05-18 10:00:00',NULL,1,1,9,21,2,164),(50,56,13569,'2022-06-05 10:00:00','2022-06-06 10:00:00',0,2,1,8,10,94),(51,106,42220,'2022-06-23 10:00:00',NULL,1,1,3,57,4,146),(52,82,42806,'2022-07-11 10:00:00',NULL,1,1,5,35,4,189),(53,76,13004,'2022-07-29 10:00:00','2022-07-30 10:00:00',0,2,2,26,1,113),(54,27,34606,'2022-08-16 10:00:00',NULL,1,1,7,33,3,140),(55,183,47856,'2022-09-03 10:00:00','2022-09-05 10:00:00',0,2,8,38,4,57),(56,14,12186,'2022-09-21 10:00:00',NULL,0,0,5,13,3,194),(57,163,20478,'2022-10-09 10:00:00','2022-10-10 10:00:00',1,2,4,48,8,44),(58,35,36320,'2022-10-27 10:00:00','2022-10-29 10:00:00',0,2,4,20,1,161),(59,173,23403,'2022-11-14 10:00:00',NULL,0,0,2,12,5,176),(60,97,49211,'2022-12-02 10:00:00',NULL,1,1,2,46,10,14),(61,186,40276,'2022-12-20 10:00:00','2022-12-21 10:00:00',0,2,10,27,4,114),(62,77,33581,'2023-01-07 10:00:00',NULL,0,0,9,36,2,110),(63,149,19930,'2023-01-25 10:00:00','2023-01-27 10:00:00',1,2,2,22,6,79),(64,93,39735,'2023-02-12 10:00:00',NULL,0,0,6,43,4,37),(65,86,25766,'2023-03-02 10:00:00','2023-03-05 10:00:00',1,2,3,1,7,69),(66,80,47691,'2023-03-20 10:00:00',NULL,1,1,4,46,9,99),(67,198,30500,'2023-04-07 10:00:00','2023-04-08 10:00:00',0,2,7,34,5,159),(68,111,22602,'2023-04-25 10:00:00',NULL,1,1,1,51,9,143),(69,161,19284,'2023-05-13 10:00:00','2023-05-14 10:00:00',1,2,2,25,2,64),(70,23,10500,'2023-05-31 10:00:00','2023-06-01 10:00:00',0,2,3,50,7,172),(71,95,21288,'2023-06-18 10:00:00',NULL,1,1,5,27,10,87),(72,43,49671,'2023-07-06 10:00:00',NULL,1,1,9,54,2,185),(73,66,23052,'2023-07-24 10:00:00','2023-07-26 10:00:00',0,2,6,48,1,32),(74,110,29594,'2023-08-11 10:00:00',NULL,1,1,1,5,8,29),(75,140,15844,'2023-08-29 10:00:00',NULL,0,0,10,10,7,53),(76,68,25478,'2023-09-16 10:00:00','2023-09-17 10:00:00',0,2,9,14,6,180),(77,36,24810,'2023-10-04 10:00:00',NULL,1,1,2,3,4,136),(78,76,19756,'2023-10-22 10:00:00','2023-10-24 10:00:00',1,2,4,16,3,83),(79,128,28317,'2023-11-09 10:00:00',NULL,1,1,6,18,1,92),(80,50,36092,'2023-11-27 10:00:00',NULL,0,0,10,20,7,102),(81,142,15435,'2023-12-15 10:00:00','2023-12-17 10:00:00',1,2,3,55,9,75),(82,29,21778,'2024-01-02 10:00:00',NULL,1,1,2,36,3,19),(83,13,12748,'2024-01-20 10:00:00',NULL,0,0,5,1,4,160),(84,60,25255,'2024-02-07 10:00:00',NULL,1,1,1,4,7,167),(85,131,42752,'2024-02-25 10:00:00','2024-02-27 10:00:00',0,2,2,16,9,148),(86,10,25375,'2024-03-14 10:00:00','2024-03-15 10:00:00',1,2,9,24,8,58),(87,184,20553,'2024-04-01 10:00:00',NULL,0,0,3,47,5,103),(88,101,47359,'2024-04-19 10:00:00',NULL,1,1,5,59,3,125),(89,90,29329,'2024-05-07 10:00:00',NULL,1,1,6,42,9,178),(90,24,19948,'2024-05-25 10:00:00','2024-05-27 10:00:00',0,2,7,19,5,88),(91,59,47290,'2024-06-12 10:00:00','2024-06-13 10:00:00',0,2,4,12,10,176),(92,121,17562,'2024-06-30 10:00:00',NULL,1,1,8,45,2,90),(93,20,33490,'2024-07-18 10:00:00',NULL,1,1,1,32,3,140),(94,149,38217,'2024-08-05 10:00:00','2024-08-07 10:00:00',0,2,3,15,1,66),(95,128,28675,'2024-08-23 10:00:00',NULL,0,0,9,46,2,185),(96,181,13852,'2024-09-10 10:00:00','2024-09-12 10:00:00',1,2,6,60,7,19),(97,72,34947,'2024-09-28 10:00:00',NULL,0,0,2,1,3,81),(98,54,47591,'2024-10-16 10:00:00','2024-10-17 10:00:00',0,2,8,50,1,175),(99,134,11148,'2024-11-03 10:00:00',NULL,1,1,3,27,9,107),(100,143,49253,'2024-11-21 10:00:00','2024-11-22 10:00:00',1,2,2,9,2,4);
/*!40000 ALTER TABLE `outgoing` ENABLE KEYS */;
UNLOCK TABLES;

--
-- Table structure for table `product`
--

DROP TABLE IF EXISTS `product`;
/*!40101 SET @saved_cs_client     = @@character_set_client */;
/*!50503 SET character_set_client = utf8mb4 */;
CREATE TABLE `product` (
  `product_id` int NOT NULL AUTO_INCREMENT COMMENT '식별자',
  `product_name` varchar(50) CHARACTER SET utf8mb4 COLLATE utf8mb4_bin DEFAULT NULL,
  `income_unit_price` int NOT NULL COMMENT '0보다 큰 정수',
  `outgoing_unit_price` int NOT NULL COMMENT '0보다 큰 정수',
  `safety_quantity` int DEFAULT NULL COMMENT '0보다 큰 정수',
  `discontinued_status` tinyint DEFAULT '0' COMMENT '(0:단품되지 않음 / 1: 단품)',
  `product_unit` varchar(50) CHARACTER SET utf8mb4 COLLATE utf8mb4_bin NOT NULL,
  `unit_capacity` int NOT NULL,
  `category_id` int NOT NULL,
  `supplier_id` int NOT NULL,
  PRIMARY KEY (`product_id`),
  KEY `category_id` (`category_id`),
  KEY `supplier_id` (`supplier_id`),
  CONSTRAINT `product_ibfk_1` FOREIGN KEY (`category_id`) REFERENCES `category` (`category_id`),
  CONSTRAINT `product_ibfk_2` FOREIGN KEY (`supplier_id`) REFERENCES `supplier` (`supplier_id`)
) ENGINE=InnoDB AUTO_INCREMENT=61 DEFAULT CHARSET=utf8mb4 COLLATE=utf8mb4_bin;
/*!40101 SET character_set_client = @saved_cs_client */;

--
-- Dumping data for table `product`
--

LOCK TABLES `product` WRITE;
/*!40000 ALTER TABLE `product` DISABLE KEYS */;
INSERT INTO `product` VALUES (1,'사과',1000,1200,NULL,0,'kg',10,1,1),(2,'배',1500,1800,NULL,0,'kg',10,1,2),(3,'바나나',2000,2500,NULL,0,'kg',10,1,3),(4,'양파',800,1000,NULL,0,'kg',10,2,4),(5,'감자',700,900,NULL,0,'kg',10,2,5),(6,'당근',600,800,NULL,0,'kg',10,2,6),(7,'소고기',10000,12000,NULL,0,'kg',20,3,7),(8,'돼지고기',8000,10000,NULL,0,'kg',20,3,8),(9,'닭고기',5000,7000,NULL,0,'kg',20,3,9),(10,'고등어',3000,4000,NULL,0,'kg',15,4,10),(11,'갈치',4000,5000,NULL,0,'kg',15,4,1),(12,'새우',6000,8000,NULL,0,'kg',15,4,2),(13,'우유',2000,2500,NULL,0,'litre',5,5,3),(14,'치즈',3000,3500,NULL,0,'kg',5,5,4),(15,'요거트',1500,2000,NULL,0,'litre',5,5,5),(16,'콜라',1000,1200,NULL,0,'bottle',2,6,6),(17,'사이다',1000,1200,NULL,0,'bottle',2,6,7),(18,'주스',1500,2000,NULL,0,'bottle',2,6,8),(19,'초콜릿',2000,2500,NULL,0,'pack',1,7,9),(20,'과자',1500,2000,NULL,0,'pack',1,7,10),(21,'캔디',1000,1200,NULL,0,'pack',1,7,1),(22,'라면',800,1000,NULL,0,'pack',3,8,2),(23,'햄',3000,3500,NULL,0,'pack',3,8,3),(24,'참치캔',2000,2500,NULL,0,'can',3,8,4),(25,'만두',4000,5000,NULL,0,'pack',4,9,5),(26,'피자',8000,10000,NULL,0,'box',4,9,6),(27,'떡볶이',5000,6000,NULL,0,'pack',4,9,7),(28,'소금',500,700,NULL,0,'pack',1,10,8),(29,'설탕',600,800,NULL,0,'pack',1,10,9),(30,'간장',1000,1200,NULL,0,'bottle',1,10,10),(31,'식빵',2000,2500,NULL,0,'loaf',1,11,1),(32,'크로와상',3000,3500,NULL,0,'piece',1,11,2),(33,'롤케이크',4000,5000,NULL,0,'piece',1,11,3),(34,'바닐라아이스크림',2000,2500,NULL,0,'cup',1,12,4),(35,'초코아이스크림',2000,2500,NULL,0,'cup',1,12,5),(36,'딸기아이스크림',2000,2500,NULL,0,'cup',1,12,6),(37,'아메리카노',3000,3500,NULL,0,'cup',1,13,7),(38,'라떼',4000,4500,NULL,0,'cup',1,13,8),(39,'카푸치노',4000,4500,NULL,0,'cup',1,13,9),(40,'녹차',2000,2500,NULL,0,'bottle',1,14,10),(41,'홍차',2000,2500,NULL,0,'bottle',1,14,1),(42,'보이차',3000,3500,NULL,0,'bottle',1,14,2),(43,'소주',1500,2000,NULL,0,'bottle',2,15,3),(44,'맥주',2000,2500,NULL,0,'bottle',2,15,4),(45,'와인',10000,15000,NULL,0,'bottle',2,15,5),(46,'비타민',5000,6000,NULL,0,'bottle',1,16,6),(47,'홍삼',10000,12000,NULL,0,'pack',1,16,7),(48,'유산균',8000,10000,NULL,0,'bottle',1,16,8),(49,'김치',5000,6000,NULL,0,'jar',1,17,9),(50,'깍두기',5000,6000,NULL,0,'jar',1,17,10),(51,'장조림',8000,10000,NULL,0,'pack',1,17,1),(52,'햇반',1000,1200,NULL,0,'pack',1,18,2),(53,'컵밥',2000,2500,NULL,0,'cup',1,18,3),(54,'즉석국',3000,3500,NULL,0,'pack',1,18,4),(55,'빗자루',3000,3500,NULL,0,'piece',1,19,5),(56,'쓰레기봉투',500,700,NULL,0,'roll',1,19,6),(57,'세제',2000,2500,NULL,0,'bottle',1,19,7),(58,'물티슈',1500,1800,NULL,0,'pack',1,20,8),(59,'종이타월',1000,1300,NULL,0,'roll',1,20,9),(60,'휴지',1200,1500,NULL,0,'pack',1,20,10);
/*!40000 ALTER TABLE `product` ENABLE KEYS */;
UNLOCK TABLES;

--
-- Table structure for table `sector`
--

DROP TABLE IF EXISTS `sector`;
/*!40101 SET @saved_cs_client     = @@character_set_client */;
/*!50503 SET character_set_client = utf8mb4 */;
CREATE TABLE `sector` (
  `sector_id` int NOT NULL AUTO_INCREMENT COMMENT '식별자',
  `allow_capacity` int NOT NULL COMMENT '100. 200',
  `sector_name` varchar(50) CHARACTER SET utf8mb4 COLLATE utf8mb4_bin NOT NULL COMMENT 'A-01(알파벳-번호 형식)',
  `warehouse_id` int NOT NULL,
  PRIMARY KEY (`sector_id`),
  KEY `warehouse_id` (`warehouse_id`),
  CONSTRAINT `sector_ibfk_1` FOREIGN KEY (`warehouse_id`) REFERENCES `warehouse` (`warehouse_id`)
) ENGINE=InnoDB AUTO_INCREMENT=201 DEFAULT CHARSET=utf8mb4 COLLATE=utf8mb4_bin;
/*!40101 SET character_set_client = @saved_cs_client */;

--
-- Dumping data for table `sector`
--

LOCK TABLES `sector` WRITE;
/*!40000 ALTER TABLE `sector` DISABLE KEYS */;
INSERT INTO `sector` VALUES (1,9999,'A-01',1),(2,9999,'A-02',1),(3,100,'A-03',1),(4,9999,'A-04',1),(5,9999,'A-05',1),(6,100,'A-06',1),(7,9999,'A-07',1),(8,100,'A-08',1),(9,100,'A-09',1),(10,9999,'A-10',1),(11,100,'A-11',1),(12,100,'A-12',1),(13,9999,'A-13',1),(14,100,'A-14',1),(15,9999,'A-15',1),(16,9999,'A-16',1),(17,100,'A-17',1),(18,100,'A-18',1),(19,9999,'A-19',1),(20,100,'A-20',1),(21,9999,'B-01',2),(22,9999,'B-02',2),(23,100,'B-03',2),(24,9999,'B-04',2),(25,9999,'B-05',2),(26,9999,'B-06',2),(27,100,'B-07',2),(28,9999,'B-08',2),(29,100,'B-09',2),(30,10000,'B-10',2),(31,100,'B-11',2),(32,100,'B-12',2),(33,100,'B-13',2),(34,100,'B-14',2),(35,100,'B-15',2),(36,9999,'B-16',2),(37,9999,'B-17',2),(38,9999,'B-18',2),(39,100,'B-19',2),(40,9999,'B-20',2),(41,100,'C-01',3),(42,100,'C-02',3),(43,100,'C-03',3),(44,100,'C-04',3),(45,100,'C-05',3),(46,100,'C-06',3),(47,100,'C-07',3),(48,100,'C-08',3),(49,100,'C-09',3),(50,100,'C-10',3),(51,100,'C-11',3),(52,100,'C-12',3),(53,9999,'C-13',3),(54,100,'C-14',3),(55,100,'C-15',3),(56,100,'C-16',3),(57,9999,'C-17',3),(58,9999,'C-18',3),(59,100,'C-19',3),(60,9999,'C-20',3),(61,100,'D-01',4),(62,9999,'D-02',4),(63,100,'D-03',4),(64,9999,'D-04',4),(65,9999,'D-05',4),(66,100,'D-06',4),(67,9999,'D-07',4),(68,100,'D-08',4),(69,9999,'D-09',4),(70,9999,'D-10',4),(71,100,'D-11',4),(72,100,'D-12',4),(73,9999,'D-13',4),(74,9999,'D-14',4),(75,100,'D-15',4),(76,100,'D-16',4),(77,9999,'D-17',4),(78,100,'D-18',4),(79,100,'D-19',4),(80,100,'D-20',4),(81,9999,'E-01',5),(82,100,'E-02',5),(83,100,'E-03',5),(84,100,'E-04',5),(85,9999,'E-05',5),(86,9999,'E-06',5),(87,100,'E-07',5),(88,9999,'E-08',5),(89,9999,'E-09',5),(90,9999,'E-10',5),(91,9999,'E-11',5),(92,9999,'E-12',5),(93,9999,'E-13',5),(94,9999,'E-14',5),(95,9999,'E-15',5),(96,100,'E-16',5),(97,9999,'E-17',5),(98,9999,'E-18',5),(99,100,'E-19',5),(100,9999,'E-20',5),(101,9999,'F-01',6),(102,100,'F-02',6),(103,100,'F-03',6),(104,9999,'F-04',6),(105,100,'F-05',6),(106,100,'F-06',6),(107,9999,'F-07',6),(108,100,'F-08',6),(109,9999,'F-09',6),(110,100,'F-10',6),(111,100,'F-11',6),(112,100,'F-12',6),(113,100,'F-13',6),(114,100,'F-14',6),(115,9999,'F-15',6),(116,100,'F-16',6),(117,100,'F-17',6),(118,9999,'F-18',6),(119,9999,'F-19',6),(120,9999,'F-20',6),(121,100,'G-01',7),(122,100,'G-02',7),(123,9999,'G-03',7),(124,100,'G-04',7),(125,9999,'G-05',7),(126,9999,'G-06',7),(127,9999,'G-07',7),(128,100,'G-08',7),(129,9999,'G-09',7),(130,9999,'G-10',7),(131,100,'G-11',7),(132,9999,'G-12',7),(133,100,'G-13',7),(134,9999,'G-14',7),(135,100,'G-15',7),(136,9999,'G-16',7),(137,100,'G-17',7),(138,100,'G-18',7),(139,100,'G-19',7),(140,9999,'G-20',7),(141,100,'H-01',8),(142,9999,'H-02',8),(143,100,'H-03',8),(144,100,'H-04',8),(145,9999,'H-05',8),(146,100,'H-06',8),(147,9999,'H-07',8),(148,100,'H-08',8),(149,9999,'H-09',8),(150,100,'H-10',8),(151,9999,'H-11',8),(152,100,'H-12',8),(153,100,'H-13',8),(154,9999,'H-14',8),(155,9999,'H-15',8),(156,9999,'H-16',8),(157,100,'H-17',8),(158,9999,'H-18',8),(159,100,'H-19',8),(160,100,'H-20',8),(161,9999,'I-01',9),(162,100,'I-02',9),(163,100,'I-03',9),(164,9999,'I-04',9),(165,100,'I-05',9),(166,100,'I-06',9),(167,100,'I-07',9),(168,100,'I-08',9),(169,100,'I-09',9),(170,100,'I-10',9),(171,100,'I-11',9),(172,100,'I-12',9),(173,100,'I-13',9),(174,100,'I-14',9),(175,9999,'I-15',9),(176,100,'I-16',9),(177,9999,'I-17',9),(178,100,'I-18',9),(179,9999,'I-19',9),(180,100,'I-20',9),(181,9999,'J-01',10),(182,100,'J-02',10),(183,9999,'J-03',10),(184,100,'J-04',10),(185,100,'J-05',10),(186,9999,'J-06',10),(187,100,'J-07',10),(188,9999,'J-08',10),(189,100,'J-09',10),(190,9999,'J-10',10),(191,100,'J-11',10),(192,100,'J-12',10),(193,100,'J-13',10),(194,100,'J-14',10),(195,9999,'J-15',10),(196,100,'J-16',10),(197,9999,'J-17',10),(198,9999,'J-18',10),(199,9999,'J-19',10),(200,9999,'J-20',10);
/*!40000 ALTER TABLE `sector` ENABLE KEYS */;
UNLOCK TABLES;

--
-- Table structure for table `shipper`
--

DROP TABLE IF EXISTS `shipper`;
/*!40101 SET @saved_cs_client     = @@character_set_client */;
/*!50503 SET character_set_client = utf8mb4 */;
CREATE TABLE `shipper` (
  `shipper_id` int NOT NULL AUTO_INCREMENT COMMENT '화주사 고유 식별자',
  `shipper_name` varchar(20) CHARACTER SET utf8mb4 COLLATE utf8mb4_bin NOT NULL COMMENT '화주사명(대한통운,한진,롯데글로벌로지스,현대글로비스,쿠팡로지스틱서비스,로젠,우체국택배,대신택배,경동택배,합동택배)',
  `shipper_business_number` varchar(100) CHARACTER SET utf8mb4 COLLATE utf8mb4_bin NOT NULL COMMENT '사업자등록번호 (XXX-XX-XXXXX)',
  `shipper_representative_name` varchar(10) CHARACTER SET utf8mb4 COLLATE utf8mb4_bin NOT NULL COMMENT '화주사대표자명(김동현,김대철,김진오,신가연,조민호,김건희,정영재,강기호,김창훈,박헌우)',
  `shipper_email` varchar(50) CHARACTER SET utf8mb4 COLLATE utf8mb4_bin NOT NULL COMMENT '화주사 이메일(화주사대표자명 이니셜로 10가지)',
  PRIMARY KEY (`shipper_id`)
) ENGINE=InnoDB AUTO_INCREMENT=11 DEFAULT CHARSET=utf8mb4 COLLATE=utf8mb4_bin;
/*!40101 SET character_set_client = @saved_cs_client */;

--
-- Dumping data for table `shipper`
--

LOCK TABLES `shipper` WRITE;
/*!40000 ALTER TABLE `shipper` DISABLE KEYS */;
INSERT INTO `shipper` VALUES (1,'대한통운','123-45-67890','최민수','cm@daehan.com'),(2,'롯데글로벌로지스','234-56-78901','이수진','ls@lotte.com'),(3,'한진택배','345-67-89012','박지훈','pj@hanjin.com'),(4,'CJ대한통운','456-78-90123','최영희','cy@cjlogistics.com'),(5,'현대글로비스','567-89-01234','김태우','kt@hyundai.com'),(6,'우체국택배','678-90-12345','이지은','le@postoffice.com'),(7,'쿠팡로지스','789-01-23456','박서준','bs@coupang.com'),(8,'씨제이익스프레스','890-12-34567','김민재','km@cjexpress.com'),(9,'로젠택배','901-23-45678','이윤아','ly@roze.com'),(10,'푸짐택배','012-34-56789','박보검','pb@puzim.com');
/*!40000 ALTER TABLE `shipper` ENABLE KEYS */;
UNLOCK TABLES;

--
-- Table structure for table `supplier`
--

DROP TABLE IF EXISTS `supplier`;
/*!40101 SET @saved_cs_client     = @@character_set_client */;
/*!50503 SET character_set_client = utf8mb4 */;
CREATE TABLE `supplier` (
  `supplier_id` int NOT NULL AUTO_INCREMENT COMMENT '공급자 고유 식별자',
  `supplier_name` varchar(20) CHARACTER SET utf8mb4 COLLATE utf8mb4_bin NOT NULL COMMENT '공급사명(과일: 농업회사법인 주식회사 음양\n채소: 풀하우스농장\n곡류: CJ인터내셔널\n육류: 하이랜드그룹\n수산물: 남해군농업기술센터\n유제품: 매일유업\n간편식/가공식품: 현대그린푸드\n음료: Global Drink Exporters\n조미료: 농업회사법인 주식회사 음양\n간식: 스낵포\n건강식품: 비자(Beaza)\n스킨케어: 올리브영\n메이크업: Banffee Makeup\n향수: Fu Geng\n공구: 진흥인터내셔날\n차량용품: 오토반\n가전제품: 삼성전자\n휴대용기기: Tritek\n유아용장난감: 라마즈(Lamaze))',
  `supplier_business_number` varchar(100) CHARACTER SET utf8mb4 COLLATE utf8mb4_bin NOT NULL COMMENT '사업자등록번호 (XXX-XX-XXXXX)',
  `supplier_representative_name` varchar(10) CHARACTER SET utf8mb4 COLLATE utf8mb4_bin NOT NULL COMMENT '공급사대표자명(김태리 이정재 송중기 박보영 김수현 손예진 이민호 전지현 공유 수지조정석\n한지민\n유아인\n김고은\n박서준\n이성경\n조승우\n김연아\n이병헌)',
  `supplier_email` varchar(50) CHARACTER SET utf8mb4 COLLATE utf8mb4_bin NOT NULL,
  PRIMARY KEY (`supplier_id`)
) ENGINE=InnoDB AUTO_INCREMENT=21 DEFAULT CHARSET=utf8mb4 COLLATE=utf8mb4_bin;
/*!40101 SET character_set_client = @saved_cs_client */;

--
-- Dumping data for table `supplier`
--

LOCK TABLES `supplier` WRITE;
/*!40000 ALTER TABLE `supplier` DISABLE KEYS */;
INSERT INTO `supplier` VALUES (1,'CJ제일제당','111-22-33333','최현석','ch@cj.co.kr'),(2,'롯데푸드','222-33-44444','김유신','ky@lottefood.com'),(3,'농심','333-44-55555','박지성','bj@nongshim.com'),(4,'오뚜기','444-55-66666','이승기','ls@ottogi.com'),(5,'빙그레','555-66-77777','박보검','pb@bing.co.kr'),(6,'풀무원','666-77-88888','김태희','kt@pulmuone.com'),(7,'동원F&B','777-88-99999','이민호','lm@dongwon.com'),(8,'미샤','888-99-00000','송중기','sj@missha.com'),(9,'해태제과','999-00-11111','강호동','kh@haetae.com'),(10,'빙그레','000-11-22222','유재석','yj@bing.com'),(11,'한국야쿠르트','101-21-30123','배용준','by@yakult.co.kr'),(12,'삼성농산','202-32-40234','공유','gy@samsungfood.com'),(13,'롯데리아','303-43-50345','정우성','jw@lotteria.com'),(14,'네슬레코리아','404-54-60456','공효진','gh@nescafe.co.kr'),(15,'파리바게뜨','505-65-70567','김지원','kj@paris.co.kr'),(16,'델몬트','606-76-80678','하정우','hj@delmonte.co.kr'),(17,'오리온','707-87-90789','전지현','jj@orion.com'),(18,'빙그레','808-98-01890','장동건','jd@bing.com'),(19,'풀무원','909-09-12901','손예진','sy@pulmuone.com'),(20,'농심','010-10-23012','이병헌','lb@nongshim.com');
/*!40000 ALTER TABLE `supplier` ENABLE KEYS */;
UNLOCK TABLES;

--
-- Table structure for table `warehouse`
--

DROP TABLE IF EXISTS `warehouse`;
/*!40101 SET @saved_cs_client     = @@character_set_client */;
/*!50503 SET character_set_client = utf8mb4 */;
CREATE TABLE `warehouse` (
  `warehouse_id` int NOT NULL AUTO_INCREMENT COMMENT '식별자',
  `warehouse_name` varchar(255) CHARACTER SET utf8mb4 COLLATE utf8mb4_bin NOT NULL COMMENT '창고명(인천 송도 물류센터,평택 항만 창고,광주 첨단 물류 허브,부산 신항 메가허브,용인 물류파크,대구 물류단지,천안 중부 물류센터,김해 에어로 물류센터,군산 새만금물류단지,원주 중앙 물류센터',
  `warehouse_location` varchar(255) CHARACTER SET utf8mb4 COLLATE utf8mb4_bin NOT NULL COMMENT '창고위치(인천광역시,경기도 평택시,광주광역시,부산광역시,경기도 용인시,대구 광역시,충청남도 천안시,경상남도 김해시,전라북도 군산시,강원도 원주시',
  `warehouse_latitude` decimal(18, 10) NOT NULL COMMENT '위도',
  `warehouse_longitude` decimal(18, 10) NOT NULL COMMENT '경도',
  PRIMARY KEY (`warehouse_id`)
) ENGINE=InnoDB AUTO_INCREMENT=11 DEFAULT CHARSET=utf8mb4 COLLATE=utf8mb4_bin;
/*!40101 SET character_set_client = @saved_cs_client */;

--
-- Dumping data for table `warehouse`
--

LOCK TABLES `warehouse` WRITE;
/*!40000 ALTER TABLE `warehouse` DISABLE KEYS */;
INSERT INTO `warehouse` VALUES 
(1,'김포물류센터','경기도 고촌읍 아라육로 230번길 27', '37.599486', '126.783117'),
(2,'시화물류센터','경기도 시흥시 협력로 280', '37.350399', '126.716800'),
(3,'용인물류센터','경기도 용인시 기흥구 용구대로 2467', '37.306268', '127.105092'),
(4,'대구물류센터','대구광역시 달서구 성서공단북로 104', '35.843607','128.484504'),
(5,'광주물류센터','경기도 광주시 포은대로 640-8', '37.382092', '127.244416'),
(6,'여주물류센터','경기도 여주시 웅골로 161', '37.266264', '127.625142'),
(7,'이천물류센터','경기도 이천시 부발읍 경충대로 2330-73', '37.267322', '127.467687'),
(8,'양산물류센터','경상남도 양산시 산막공단북2길 34-54', '35.371626','129.053442'),
(9,'부산물류센터','경상남도 창원시 진해구 신항6로 30', '35.089475', '128.777598'),
(10,'세종물류센터','세종특별자치시 연동면 연청로 745-86', '36.545024', '127.350540');

/*!40000 ALTER TABLE `warehouse` ENABLE KEYS */;
UNLOCK TABLES;
/*!40103 SET TIME_ZONE=@OLD_TIME_ZONE */;

DROP TABLE IF EXISTS `transportation`;
/*!40101 SET @saved_cs_client     = @@character_set_client */;
/*!50503 SET character_set_client = utf8mb4 */;

CREATE TABLE `transportation` (
  `transportation_id` int NOT NULL AUTO_INCREMENT COMMENT '식별자',
  `outgoing_id` int not null COMMENT '출고번호',
  `transportation_start` datetime NOT NULL default current_timestamp COMMENT '출발시간',
  `transportation_end` datetime NOT NULL COMMENT '도착예상시간',
  PRIMARY KEY (`transportation_id`),
  CONSTRAINT `transportation_fk_1` FOREIGN KEY (`outgoing_id`) REFERENCES `outgoing` (`outgoing_id`)
) ENGINE=InnoDB AUTO_INCREMENT=11 DEFAULT CHARSET=utf8mb4 COLLATE=utf8mb4_bin;
/*!40101 SET character_set_client = @saved_cs_client */;

LOCK TABLES `transportation` WRITE;
/*!40000 ALTER TABLE `transportation` DISABLE KEYS */;
INSERT INTO `transportation` VALUES 
(1,1, '2025-01-17 11:00:00', '2025-01-17 12:00:00'),
(2,2, '2025-01-17 11:00:00', '2025-01-17 12:00:00'),
(3,3, '2025-01-17 11:00:00', '2025-01-17 15:00:00'),
(4,4, '2025-01-17 11:00:00', '2025-01-17 14:00:00'),
(5,5, '2025-01-17 11:00:00', '2025-01-17 17:00:00'),
(6,6, '2025-01-17 11:00:00', '2025-01-17 20:00:00');


/*!40101 SET SQL_MODE=@OLD_SQL_MODE */;
/*!40014 SET FOREIGN_KEY_CHECKS=@OLD_FOREIGN_KEY_CHECKS */;
/*!40014 SET UNIQUE_CHECKS=@OLD_UNIQUE_CHECKS */;
/*!40101 SET CHARACTER_SET_CLIENT=@OLD_CHARACTER_SET_CLIENT */;
/*!40101 SET CHARACTER_SET_RESULTS=@OLD_CHARACTER_SET_RESULTS */;
/*!40101 SET COLLATION_CONNECTION=@OLD_COLLATION_CONNECTION */;
/*!40111 SET SQL_NOTES=@OLD_SQL_NOTES */;

-- Dump completed on 2025-01-15 11:38:44



